error_code,severity_level,severity_name,severity_color,required_action,max_downtime_min,subsystem_code,subsystem_name,mid,fault_category,title,description,probable_cause,diagnostic_steps,remedy,parameters,related_codes,num_params
SPN-CR-001,1,CRITICAL,RED,Immediate machine stop. Do not restart without authorised technician inspection.,480,SPN,Spindle Drive System,128,spindle_bearing_fault,Spindle Bearing Catastrophic Failure,Spindle bearing has reached catastrophic failure threshold. Vibration RMS on spindle exceeds 11.2 mm/s with kurtosis index >20. Continued operation risks spindle shaft damage and workpiece ejection.,"Bearing race spalling, loss of lubrication, contamination ingress, or end-of-life fatigue. May follow undetected progression through WN-060 and MN-061 warnings.",Stop spindle immediately and lock out/tag out | Measure bearing vibration with handheld analyser at spindle nose | Inspect spindle cooling lines for blockage | Check oil mist lubrication nozzle P040 | Review vibration trend log for P004 over prior 72 hours,Replace spindle bearing set. Re-grease per OEM specification. Run acceptance test program SPD-TEST-001 before production restart.,P001 | Spindle Speed [RPM] | normal: 100–8000 | critical: 0–8500 || P003 | Spindle Motor Temperature [°C] | normal: 20–75 | critical: 0–95 || P004 | Spindle Bearing Vibration [mm/s] | normal: 0–4.5 | critical: 0–11.2 || P005 | Spindle Torque [Nm] | normal: 0–120 | critical: 0–145,SPN-MJ-002 | VIB-WN-060 | VIB-MN-061,4
SPN-CR-002,1,CRITICAL,RED,Immediate machine stop. Do not restart without authorised technician inspection.,480,SPN,Spindle Drive System,128,spindle_bearing_fault,Spindle Drive Overcurrent — Hard Fault,Spindle drive current exceeded 145% of rated value for more than 200ms. Drive has tripped on hardware overcurrent protection. P002 read {val} % (limit 105%).,"Spindle motor short circuit, drive IGBT failure, or mechanical seizure of spindle bearings. Distinguish from thermal overcurrent SPN-MJ-005.",Do not reset drive until root cause identified | Check spindle motor insulation resistance (megger test) | Inspect drive power stage for burn marks | Verify no mechanical obstruction in spindle bore | Check P005 torque log for sudden spike event,Replace faulty drive module or motor depending on fault localisation. Verify DC bus voltage P090 is within spec before power-on.,P001 | Spindle Speed [RPM] | normal: 100–8000 | critical: 0–8500 || P002 | Spindle Load [%] | normal: 0–85 | critical: 0–105 || P005 | Spindle Torque [Nm] | normal: 0–120 | critical: 0–145,SPN-MJ-005 | ELC-CR-001 | SPN-CR-001,3
SPN-CR-003,1,CRITICAL,RED,Immediate machine stop. Do not restart without authorised technician inspection.,480,SPN,Spindle Drive System,128,actuator_fault,Spindle Orientation Failure — Tool Change Blocked,Spindle failed to reach orientation position within timeout (5 s). Orientation error P006 = {val} deg (limit ±0.5 deg). Tool change cycle aborted to prevent ATC arm collision.,"Encoder signal loss, orientation proximity switch failure, or mechanical brake malfunction.",Check spindle encoder cable continuity | Verify orientation switch target disk alignment | Inspect pneumatic brake actuation pressure | Test orientation cycle manually in JOG mode | Review parameter P082 for last NC block executed,Replace encoder or repair signal cable. Re-teach orientation position parameter. Re-run tool change acceptance cycle TCS-TEST-002.,P006 | Spindle Orientation Error [deg] | normal: -0.05–0.05 | critical: -0.5–0.5 || P001 | Spindle Speed [RPM] | normal: 100–8000 | critical: 0–8500,TCS-CR-001 | SPN-MJ-003 | CNC-MD-011,2
SPN-MJ-001,2,MAJOR,ORANGE,Stop current operation. Machine must be inspected before resuming production.,240,SPN,Spindle Drive System,128,spindle_bearing_fault,Spindle Motor Overtemperature,Spindle motor winding temperature P003 = {val} °C exceeds major threshold (85 °C). Thermal model predicts critical threshold (95 °C) in <15 minutes at current load.,"Cooling fan failure, blocked air filter, excessive duty cycle, or degraded motor winding insulation.",Check spindle cooling fan rotation | Inspect and clean air filter on motor housing | Verify coolant-through-spindle flow if equipped | Reduce spindle load P002 by lowering feed rate | Check ambient temperature P070,"Replace cooling fan motor. Clean filters. If repeated, check motor insulation class and compare to duty cycle.",P003 | Spindle Motor Temperature [°C] | normal: 20–75 | critical: 0–95 || P001 | Spindle Speed [RPM] | normal: 100–8000 | critical: 0–8500 || P002 | Spindle Load [%] | normal: 0–85 | critical: 0–105,SPN-CR-002 | THM-WN-070 | SPN-MN-006,3
SPN-MJ-002,2,MAJOR,ORANGE,Stop current operation. Machine must be inspected before resuming production.,240,SPN,Spindle Drive System,128,spindle_bearing_fault,Spindle Bearing Vibration — Major Threshold Exceeded,Spindle bearing vibration P004 = {val} mm/s exceeds ISO 10816-3 Zone C limit (7.1 mm/s). Kurtosis index P064 = {val2} indicates bearing defect frequency component present.,"Bearing inner or outer race defect, ball spall, or loss of preload. Consistent with tool_wear or spindle_bearing_fault events in operational data.","Capture vibration spectrum via on-machine sensor | Compare dominant frequency to bearing defect frequencies (BPFO, BPFI, BSF) | Check spindle thermal growth compensation active | Inspect tool holder for imbalance | Review trend for P004 over prior 30 days",Schedule spindle bearing replacement within 8 hours. Reduce spindle speed by 30% until replacement. Do not run over 6000 RPM.,P004 | Spindle Bearing Vibration [mm/s] | normal: 0–4.5 | critical: 0–11.2 || P063 | Vibration Crest Factor [-] | normal: 1.0–4.5 | critical: 0–12.0 || P064 | Kurtosis Index [-] | normal: 2.5–5.0 | critical: 0–25.0,SPN-CR-001 | VIB-MN-061 | SPN-SR-003,3
SPN-MJ-003,2,MAJOR,ORANGE,Stop current operation. Machine must be inspected before resuming production.,240,SPN,Spindle Drive System,128,tool_wear,Spindle Load Anomaly — Possible Tool Breakage,Spindle load P002 jumped from baseline by >40% within one NC block. P005 torque = {val} Nm. Pattern consistent with sudden tool breakage during milling operation.,"Tool fracture due to worn cutting edges, excessive depth of cut, incorrect tool material, or coolant failure at cutting zone.",Halt program and inspect tool in spindle | Check tool length with probe if available | Review P033 coolant level and P030 flow rate | Inspect workpiece surface for gouging | Review NC block G-code for programmed depth of cut,Replace broken or worn tool. Verify tool offset in tool table. Run first-off inspection before resuming production.,P002 | Spindle Load [%] | normal: 0–85 | critical: 0–105 || P005 | Spindle Torque [Nm] | normal: 0–120 | critical: 0–145 || P001 | Spindle Speed [RPM] | normal: 100–8000 | critical: 0–8500,CLS-SR-001 | SPN-WN-004 | TCS-MD-001,3
SPN-MJ-004,2,MAJOR,ORANGE,Stop current operation. Machine must be inspected before resuming production.,240,SPN,Spindle Drive System,128,chatter_vibration,Regenerative Chatter — Stability Limit Exceeded,Vibration pattern on X/Y/Z axes indicates regenerative chatter. Dominant frequency {val} Hz matches spindle-speed-to-tooth-passing ratio. Crest factor P063 = {val2}.,Operating at unstable depth-of-cut for current spindle speed and tool geometry. May worsen with tool wear.,Record dominant chatter frequency from vibration log | Apply stability lobe diagram for tool/fixture combination | Check workpiece clamping force | Inspect tool holder taper contact for fretting | Review programmed RPM P001 vs stability lobe chart,Adjust spindle speed by ±10% to shift operating point to stable lobe. Reduce axial depth of cut. Consider high-damping tool holder.,P060 | X-Axis Vibration RMS [mm/s] | normal: 0–4.5 | critical: 0–11.2 || P061 | Y-Axis Vibration RMS [mm/s] | normal: 0–4.5 | critical: 0–11.2 || P062 | Z-Axis Vibration RMS [mm/s] | normal: 0–4.5 | critical: 0–11.2 || P063 | Vibration Crest Factor [-] | normal: 1.0–4.5 | critical: 0–12.0,VIB-WN-060 | SPN-MJ-002 | AXS-MN-002,4
SPN-MJ-005,2,MAJOR,ORANGE,Stop current operation. Machine must be inspected before resuming production.,240,SPN,Spindle Drive System,128,spindle_bearing_fault,Spindle Drive Thermal Overcurrent,Drive reports thermal overcurrent condition. Motor current P002 sustained at {val}% for >60 s. Drive will shut down in {val2} s if condition persists.,"Excessive cutting load, incorrect feed/speed parameters, or degraded drive cooling.",Check drive heatsink temperature | Verify drive fan is operational | Inspect drive filter mat | Reduce programmed feed rate P083 | Verify tool geometry matches material,"Allow drive to cool (20 min minimum). Clean drive filters. If recurring, upgrade drive to next current rating.",P002 | Spindle Load [%] | normal: 0–85 | critical: 0–105 || P003 | Spindle Motor Temperature [°C] | normal: 20–75 | critical: 0–95 || P005 | Spindle Torque [Nm] | normal: 0–120 | critical: 0–145,SPN-CR-002 | THM-MD-001 | SPN-MJ-001,3
SPN-SR-001,3,SERIOUS,YELLOW,Complete current cycle then stop. Schedule maintenance within 4 hours.,120,SPN,Spindle Drive System,128,tool_wear,Spindle Load Gradually Increasing — Tool Wear Trend,Spindle load P002 shows monotonic increase of {val}% over last 50 tool engagements. Pattern consistent with progressive tool flank wear. Current load {val2}%.,Tool cutting edge wear beyond recommended tool life. Insufficient coolant delivery or incorrect cutting parameters accelerating wear.,Inspect cutting edge under 10× loupe | Compare current tool life to OEM recommendation | Check coolant concentration (refractometer) | Review chip formation — short chips indicate worn tool | Trend P002 on same operation across last 20 parts,Replace tool at next part completion. Update tool life counter in tool table. Optimise cutting parameters.,P002 | Spindle Load [%] | normal: 0–85 | critical: 0–105 || P005 | Spindle Torque [Nm] | normal: 0–120 | critical: 0–145 || P001 | Spindle Speed [RPM] | normal: 100–8000 | critical: 0–8500,SPN-MJ-003 | SPN-WN-004 | TCS-MD-001,3
SPN-SR-002,3,SERIOUS,YELLOW,Complete current cycle then stop. Schedule maintenance within 4 hours.,120,SPN,Spindle Drive System,128,spindle_bearing_fault,Spindle Speed Deviation — Encoder Signal Degraded,Actual spindle speed deviates from commanded speed by >{val} RPM for >500 ms. Encoder signal shows {val2} missing pulses per revolution.,"Encoder disc contamination, bearing play causing encoder misalignment, or encoder cable shield failure causing EMI.",Clean encoder disc with IPA | Check encoder mounting bolts torque | Inspect cable routing for pinch points | Measure signal quality on oscilloscope | Check cable shield continuity to ground,Clean or replace encoder. Re-route cable away from power cables. Re-commission speed loop.,P001 | Spindle Speed [RPM] | normal: 100–8000 | critical: 0–8500 || P006 | Spindle Orientation Error [deg] | normal: -0.05–0.05 | critical: -0.5–0.5,SPN-CR-003 | SPN-MJ-002 | CNC-MD-011,2
SPN-SR-003,3,SERIOUS,YELLOW,Complete current cycle then stop. Schedule maintenance within 4 hours.,120,SPN,Spindle Drive System,128,spindle_bearing_fault,Bearing Kurtosis Threshold — Defect Initiation Detected,Kurtosis index P064 = {val} has exceeded early-defect threshold (8.0). Statistical analysis of vibration signal indicates impulse-type events consistent with bearing defect initiation.,Early-stage bearing race or rolling element defect. Expected remaining useful life: 200–500 operating hours depending on load.,Enable continuous vibration trending for this spindle | Reduce spindle speed by 20% as precaution | Schedule borescope inspection at next planned downtime | Compare P064 trend rate of change to historical baseline,Plan bearing replacement within 200 operating hours. Continue monitoring P064 daily. Reduce maximum spindle speed to 70% until replacement.,P004 | Spindle Bearing Vibration [mm/s] | normal: 0–4.5 | critical: 0–11.2 || P064 | Kurtosis Index [-] | normal: 2.5–5.0 | critical: 0–25.0,SPN-MJ-002 | SPN-CR-001 | VIB-WN-060,2
SPN-MD-001,4,MODERATE,AMBER,Log fault. Schedule maintenance within 24 hours. Reduce feed rate by 20%.,60,SPN,Spindle Drive System,128,tool_wear,Spindle Load — Elevated Baseline,Spindle load P002 baseline on operation {val} is {val2}% above historical mean for same program. No acute spike. Gradual trend suggests accumulating mechanical resistance.,"Tool wear progression, slight bearing preload increase, or minor misalignment.","Compare current cycle time to nominal | Inspect tool visually for chip edge | Run dry cycle (spindle only, no feed) and check no-load current | Trend over next 20 cycles",Schedule tool inspection at next shift change. Log in maintenance history.,P002 | Spindle Load [%] | normal: 0–85 | critical: 0–105 || P005 | Spindle Torque [Nm] | normal: 0–120 | critical: 0–145,SPN-SR-001 | SPN-WN-004,2
SPN-MD-002,4,MODERATE,AMBER,Log fault. Schedule maintenance within 24 hours. Reduce feed rate by 20%.,60,SPN,Spindle Drive System,128,process_anomaly,Feed Override Active — Non-Standard Cutting Condition,Feed override P083 set to {val}% (nominal 100%) during production program. Spindle speed P001 = {val2} RPM. Non-standard override active for >10 parts.,"Operator compensation for tool wear, material hardness variation, or unresolved vibration issue.",Interview operator for reason override was applied | Check if override masks a recurring alarm | Verify correct tool is loaded in spindle | Review last SPC data for dimension drift,"Restore nominal feed rate. If override required for quality, initiate cutting parameter review with process engineer.",P001 | Spindle Speed [RPM] | normal: 100–8000 | critical: 0–8500 || P083 | Feed Override [%] | normal: 0–120 | critical: 0–150,SPN-SR-001 | SPN-MJ-003,2
SPN-MN-001,5,MINOR,BLUE,Log fault. Monitor parameters. Schedule inspection at next planned maintenance.,30,SPN,Spindle Drive System,128,tool_wear,Spindle Load — Upper Advisory Threshold,Spindle load P002 = {val}% is above upper advisory band (70%) but below major threshold. Sustained for {val2} minutes.,Normal heavy-cut condition or early tool wear. Monitor for progression.,Verify programmed depth of cut is nominal | Check tool life counter remaining | Monitor for next 10 cycles,No immediate action. Log and monitor trend.,P002 | Spindle Load [%] | normal: 0–85 | critical: 0–105,SPN-MD-001 | SPN-SR-001,1
SPN-MN-002,5,MINOR,BLUE,Log fault. Monitor parameters. Schedule inspection at next planned maintenance.,30,SPN,Spindle Drive System,128,spindle_bearing_fault,Spindle Motor Temperature — Elevated,Spindle motor temperature P003 = {val} °C. Within normal range but {val2} °C above 30-day average for same duty cycle.,Slight cooling degradation or increased duty cycle.,Check air filter cleanliness | Verify coolant flow to motor if liquid-cooled | Compare ambient P070 to historical,Clean filters at next shift break. Monitor trend.,P003 | Spindle Motor Temperature [°C] | normal: 20–75 | critical: 0–95,SPN-MJ-001 | THM-WN-070,1
SPN-MN-003,5,MINOR,BLUE,Log fault. Monitor parameters. Schedule inspection at next planned maintenance.,30,SPN,Spindle Drive System,128,tool_wear,Spindle Torque — Elevated During Entry Move,Spindle torque P005 = {val} Nm during tool entry move. Exceeds expected entry torque model by {val2}%. Possible chip re-cutting or worn tool entry geometry.,Insufficient chip evacuation at tool entry or worn tool corner radius.,Check chip evacuation — increase coolant pressure P032 | Inspect tool corner condition | Review approach strategy in NC program,Adjust tool entry strategy (ramp instead of plunge). Inspect tool.,P005 | Spindle Torque [Nm] | normal: 0–120 | critical: 0–145 || P002 | Spindle Load [%] | normal: 0–85 | critical: 0–105,SPN-MJ-003 | CLS-MN-001,2
SPN-MN-004,5,MINOR,BLUE,Log fault. Monitor parameters. Schedule inspection at next planned maintenance.,30,SPN,Spindle Drive System,128,spindle_bearing_fault,Vibration RMS — Gradual Increase Detected,Vibration RMS P004 shows {val}% increase over last 7 days. Current value {val2} mm/s. Still within ISO Zone B (acceptable for long-term operation) but trend requires monitoring.,Normal bearing wear progression or loosening of machine foundation bolts.,Check and re-torque foundation bolts | Inspect ballscrew support bearing | Compare to factory acceptance vibration record,Schedule preventive inspection at next planned maintenance. Document in maintenance log.,P004 | Spindle Bearing Vibration [mm/s] | normal: 0–4.5 | critical: 0–11.2 || P060 | X-Axis Vibration RMS [mm/s] | normal: 0–4.5 | critical: 0–11.2 || P061 | Y-Axis Vibration RMS [mm/s] | normal: 0–4.5 | critical: 0–11.2 || P062 | Z-Axis Vibration RMS [mm/s] | normal: 0–4.5 | critical: 0–11.2,SPN-SR-003 | SPN-MJ-002,4
SPN-WN-001,6,WARNING,CYAN,Log event. No immediate action required. Review at end of shift.,0,SPN,Spindle Drive System,128,tool_wear,Spindle Load — Tool Life 80% Consumed,Tool life counter for tool T{val} in spindle has reached 80% of programmed tool life. Spindle load P002 = {val2}%. Plan tool change before next scheduled run.,Normal tool wear progression within expected life.,Visually inspect tool at next opportunity | Verify tool life setting is calibrated to actual tool | Check surface finish on last produced part,Prepare replacement tool. Schedule tool change at end of current batch.,P002 | Spindle Load [%] | normal: 0–85 | critical: 0–105,SPN-MN-001 | TCS-MD-001,1
SPN-WN-002,6,WARNING,CYAN,Log event. No immediate action required. Review at end of shift.,0,SPN,Spindle Drive System,128,spindle_bearing_fault,Spindle Temperature — Warm-Up Reminder,Machine has been idle >4 hours. Spindle temperature P003 = {val} °C. Run warm-up program SPD-WARMUP-001 before resuming production to avoid thermal shock to bearings.,Standard thermal management — bearing preload changes with temperature.,Check ambient temperature P070 | Verify warm-up program is loaded in CNC memory,Execute spindle warm-up program (15 min). Do not exceed 30% of maximum speed during first 5 minutes.,P003 | Spindle Motor Temperature [°C] | normal: 20–75 | critical: 0–95,SPN-MN-002 | THM-NC-001,1
SPN-WN-003,6,WARNING,CYAN,Log event. No immediate action required. Review at end of shift.,0,SPN,Spindle Drive System,128,tool_wear,Tool Life Counter — Approaching Limit,Tool T{val} has reached {val2}% of programmed tool life. Spindle load trend is stable. Tool change recommended before next production shift.,Normal cumulative tool usage.,Inspect tool surface condition | Confirm replacement tool is available in magazine,Schedule tool change at shift end.,P002 | Spindle Load [%] | normal: 0–85 | critical: 0–105 || P005 | Spindle Torque [Nm] | normal: 0–120 | critical: 0–145,SPN-WN-001 | TCS-NC-001,2
SPN-WN-004,6,WARNING,CYAN,Log event. No immediate action required. Review at end of shift.,0,SPN,Spindle Drive System,128,tool_wear,Spindle Load Variance — Increased Part-to-Part Variation,Spindle load P002 standard deviation across last 20 parts has increased by {val}% vs. baseline. Mean load unchanged. Variability indicates inconsistent cutting condition.,"Workpiece material hardness variation, inconsistent clamping, or intermittent coolant delivery.",Check material certificate for hardness specification | Inspect fixture clamping force with hydraulic gauge | Verify coolant nozzle position,Investigate material batch. Verify fixture setup procedure.,P002 | Spindle Load [%] | normal: 0–85 | critical: 0–105,SPN-MN-001 | CLS-WN-001,1
SPN-NC-001,7,NOTICE,GREEN,Informational. Parameter approaching limit. Review during next maintenance window.,0,SPN,Spindle Drive System,128,process_anomaly,Spindle Speed Program Limit Active,Active NC program has set spindle speed limit to {val} RPM via G50 command. Maximum achievable P001 = {val2} RPM for this operation.,Programmed speed limit for fixture or tool safety.,Confirm speed limit is intentional in NC program | Verify tool/fixture speed rating,No action required unless limit is unintentional.,P001 | Spindle Speed [RPM] | normal: 100–8000 | critical: 0–8500 || P002 | Spindle Load [%] | normal: 0–85 | critical: 0–105,,2
SPN-NC-002,7,NOTICE,GREEN,Informational. Parameter approaching limit. Review during next maintenance window.,0,SPN,Spindle Drive System,128,process_anomaly,Spindle Warm-Up Complete,Spindle warm-up cycle complete. Motor temperature P003 = {val} °C. Machine ready for production at full speed.,Normal machine readiness notification.,Advisory — no diagnostic required,No action required. Proceed with production.,P003 | Spindle Motor Temperature [°C] | normal: 20–75 | critical: 0–95,SPN-WN-002,1
SPN-AD-001,8,ADVISORY,WHITE,Performance advisory only. No maintenance action required.,0,SPN,Spindle Drive System,128,process_anomaly,Spindle Running at Reduced Speed — Override Active,Spindle running at {val} RPM with feed override P083 at {val2}%. Performance advisory only.,Operator or program-initiated speed reduction.,Advisory — no diagnostic required,No action required.,P001 | Spindle Speed [RPM] | normal: 100–8000 | critical: 0–8500 || P083 | Feed Override [%] | normal: 0–120 | critical: 0–150,SPN-MD-002,2
SPN-AD-002,8,ADVISORY,WHITE,Performance advisory only. No maintenance action required.,0,SPN,Spindle Drive System,128,process_anomaly,Spindle Idle — No Load Detected,Spindle running at programmed speed but P002 load = {val}%. No cutting engagement detected. Tool may be in air or rapid traversal block.,Normal between-operation spindle state.,Advisory — no diagnostic required,No action required.,P002 | Spindle Load [%] | normal: 0–85 | critical: 0–105,,1
AXS-CR-001,1,CRITICAL,RED,Immediate machine stop. Do not restart without authorised technician inspection.,480,AXS,Axis Servo System,130,actuator_fault,Axis Following Error — Emergency Stop,"Axis following error P016 = {val} mm exceeds emergency stop threshold (2.0 mm). All axes halted. Position integrity cannot be guaranteed. P010={val2}, P011={val3}, P012={val4} mm.","Drive fault, ball screw failure, axis collision, or encoder loss.",Do not move axes until cause identified | Check all servo drive status LEDs | Verify no mechanical obstruction on axis | Inspect ball screw for damage | Check encoder feedback signal integrity,Identify faulted axis. Repair mechanical cause. Re-home all axes before resuming.,P016 | Axis Following Error [mm] | normal: 0–0.05 | critical: 0–2.0 || P010 | X-Axis Position Error [mm] | normal: -0.01–0.01 | critical: -0.5–0.5 || P011 | Y-Axis Position Error [mm] | normal: -0.01–0.01 | critical: -0.5–0.5 || P012 | Z-Axis Position Error [mm] | normal: -0.01–0.01 | critical: -0.5–0.5,AXS-MJ-001 | AXS-MJ-002 | CNC-CR-001,4
AXS-CR-002,1,CRITICAL,RED,Immediate machine stop. Do not restart without authorised technician inspection.,480,AXS,Axis Servo System,130,actuator_fault,Servo Drive Hardware Fault — Axis Disabled,"Servo drive reports hardware fault on axis. Drive has disabled output stage. P013={val}A (X), P014={val2}A (Y), P015={val3}A (Z).","IGBT overcurrent, DC bus undervoltage, or drive internal fault.",Check drive status display for specific sub-code | Measure DC bus voltage P090 | Inspect drive power connections | Check motor phase resistance balance,Replace faulted drive. Verify motor winding integrity before re-enabling.,P013 | X-Axis Servo Current [A] | normal: 0–18 | critical: 0–25 || P014 | Y-Axis Servo Current [A] | normal: 0–18 | critical: 0–25 || P015 | Z-Axis Servo Current [A] | normal: 0–22 | critical: 0–30,ELC-CR-001 | AXS-CR-001 | SPN-CR-002,3
AXS-MJ-001,2,MAJOR,ORANGE,Stop current operation. Machine must be inspected before resuming production.,240,AXS,Axis Servo System,130,actuator_fault,Axis Following Error — Major Limit,Following error P016 = {val} mm exceeds major threshold (0.5 mm). Cutting has been suspended. Position error on {val2}-axis.,"Servo gain mismatch, mechanical friction increase, or ball screw backlash.",Check servo gain parameters vs commissioning record | Inspect axis guide lubrication | Measure backlash on ball screw | Run servo tuning cycle,"Re-tune servo gain. Lubricate linear guides. If backlash >0.02mm, schedule ball screw inspection.",P016 | Axis Following Error [mm] | normal: 0–0.05 | critical: 0–2.0 || P010 | X-Axis Position Error [mm] | normal: -0.01–0.01 | critical: -0.5–0.5 || P011 | Y-Axis Position Error [mm] | normal: -0.01–0.01 | critical: -0.5–0.5 || P012 | Z-Axis Position Error [mm] | normal: -0.01–0.01 | critical: -0.5–0.5,AXS-CR-001 | AXS-SR-001 | LUB-MD-001,4
AXS-MJ-002,2,MAJOR,ORANGE,Stop current operation. Machine must be inspected before resuming production.,240,AXS,Axis Servo System,130,actuator_fault,Servo Drive Thermal Warning — Overtemperature,"Servo drive temperature P017 = {val} °C exceeds 80°C. Drive will fault at 90°C. Current draw: X={val2}A, Y={val3}A, Z={val4}A.","Inadequate cabinet ventilation, blocked drive heatsink, or sustained high-load machining.",Check cabinet fans are operational P071 | Clean drive heatsink fins | Reduce duty cycle temporarily | Check ambient temperature P070,"Restore cabinet ventilation. Clean filters. If recurring, upsize drive cooling.",P013 | X-Axis Servo Current [A] | normal: 0–18 | critical: 0–25 || P014 | Y-Axis Servo Current [A] | normal: 0–18 | critical: 0–25 || P015 | Z-Axis Servo Current [A] | normal: 0–22 | critical: 0–30 || P017 | Servo Drive Temperature [°C] | normal: 20–70 | critical: 0–90,THM-MD-001 | AXS-CR-002 | ELC-MJ-001,4
AXS-SR-001,3,SERIOUS,YELLOW,Complete current cycle then stop. Schedule maintenance within 4 hours.,120,AXS,Axis Servo System,130,chatter_vibration,Axis Vibration — Resonance Detected,Axis vibration on {val}-axis shows resonant frequency at {val2} Hz. Following error P016 = {val3} mm. Pattern consistent with chatter or axis mechanical resonance.,"Feed rate at resonant frequency, worn ball screw nut, or inadequate servo filter.",Measure resonant frequency from vibration log | Check servo filter notch frequency setting | Inspect ball screw nut preload | Change feed rate by ±15% and observe effect,Apply servo notch filter at resonant frequency. Inspect ball screw nut.,P060 | X-Axis Vibration RMS [mm/s] | normal: 0–4.5 | critical: 0–11.2 || P061 | Y-Axis Vibration RMS [mm/s] | normal: 0–4.5 | critical: 0–11.2 || P062 | Z-Axis Vibration RMS [mm/s] | normal: 0–4.5 | critical: 0–11.2 || P016 | Axis Following Error [mm] | normal: 0–0.05 | critical: 0–2.0,SPN-MJ-004 | AXS-MJ-001 | VIB-WN-060,4
AXS-SR-002,3,SERIOUS,YELLOW,Complete current cycle then stop. Schedule maintenance within 4 hours.,120,AXS,Axis Servo System,130,actuator_fault,Servo Current — Elevated Load on Axis,"Servo current on {val}-axis P0{val2} = {val3} A, elevated {val4}% above baseline for equivalent move. Ball screw or guide resistance increasing.","Insufficient lubrication on linear guides or ball screw, guide wear, or contamination ingress.",Manually jog axis and feel for stiction | Inspect linear guide surface for scoring | Check lubrication oil delivery to guides P040 | Review lubrication interval log,"Apply lubrication per maintenance schedule. If stiction persists, inspect guide rail and carriage.",P013 | X-Axis Servo Current [A] | normal: 0–18 | critical: 0–25 || P014 | Y-Axis Servo Current [A] | normal: 0–18 | critical: 0–25 || P015 | Z-Axis Servo Current [A] | normal: 0–22 | critical: 0–30,LUB-MD-001 | AXS-MJ-001 | AXS-MN-001,3
AXS-MD-001,4,MODERATE,AMBER,Log fault. Schedule maintenance within 24 hours. Reduce feed rate by 20%.,60,AXS,Axis Servo System,130,actuator_fault,Following Error — Elevated But Within Limit,Following error P016 = {val} mm is elevated above advisory threshold (0.02 mm) but below halt limit. Trend over last 100 moves: increasing.,Servo loop gain reduction or mechanical friction increase.,Run test cycle and log P016 per block | Compare to commissioning baseline | Check guide lubrication,Log and monitor. Schedule servo re-tuning if trend continues.,P016 | Axis Following Error [mm] | normal: 0–0.05 | critical: 0–2.0,AXS-MJ-001 | AXS-SR-002,1
AXS-MD-002,4,MODERATE,AMBER,Log fault. Schedule maintenance within 24 hours. Reduce feed rate by 20%.,60,AXS,Axis Servo System,130,actuator_fault,Servo Drive Temperature — Elevated,Drive temperature P017 = {val} °C. Within spec but {val2} °C above seasonal baseline. Monitor for progression.,Marginal cabinet cooling or increased cutting load.,Check cabinet fan speed | Verify door seals are intact,Clean cabinet filters. Monitor.,P017 | Servo Drive Temperature [°C] | normal: 20–70 | critical: 0–90,AXS-MJ-002 | THM-WN-070,1
AXS-MN-001,5,MINOR,BLUE,Log fault. Monitor parameters. Schedule inspection at next planned maintenance.,30,AXS,Axis Servo System,130,actuator_fault,Servo Current — Minor Variance,Servo current on {val}-axis shows {val2}% variance vs. baseline on identical move profile. No limit exceeded.,Normal mechanical variation or minor lubrication change.,Monitor for 24 hours | Review lubrication log,Log and monitor.,P013 | X-Axis Servo Current [A] | normal: 0–18 | critical: 0–25 || P014 | Y-Axis Servo Current [A] | normal: 0–18 | critical: 0–25 || P015 | Z-Axis Servo Current [A] | normal: 0–22 | critical: 0–30,AXS-SR-002,3
AXS-MN-002,5,MINOR,BLUE,Log fault. Monitor parameters. Schedule inspection at next planned maintenance.,30,AXS,Axis Servo System,130,chatter_vibration,Axis Vibration — Minor Threshold,Axis vibration RMS on {val}-axis = {val2} mm/s. Above minor threshold (3.5 mm/s) but below major (7.1 mm/s).,Tool wear induced vibration or minor chatter.,Inspect tool condition | Try ±10% spindle speed,Monitor and log. Inspect tool at next change.,P060 | X-Axis Vibration RMS [mm/s] | normal: 0–4.5 | critical: 0–11.2 || P061 | Y-Axis Vibration RMS [mm/s] | normal: 0–4.5 | critical: 0–11.2 || P062 | Z-Axis Vibration RMS [mm/s] | normal: 0–4.5 | critical: 0–11.2,SPN-MJ-004 | AXS-SR-001,3
AXS-WN-001,6,WARNING,CYAN,Log event. No immediate action required. Review at end of shift.,0,AXS,Axis Servo System,130,process_anomaly,Following Error — Intermittent Spikes,Following error P016 shows intermittent spikes to {val} mm during direction reversals. Mean error within spec.,Ball screw backlash or servo reversal compensation mismatch.,Check backlash compensation parameter | Measure physical backlash with dial indicator,"Adjust backlash compensation parameter. If physical backlash >0.015mm, plan ball screw nut replacement.",P016 | Axis Following Error [mm] | normal: 0–0.05 | critical: 0–2.0,AXS-MD-001 | AXS-MJ-001,1
AXS-NC-001,7,NOTICE,GREEN,Informational. Parameter approaching limit. Review during next maintenance window.,0,AXS,Axis Servo System,130,process_anomaly,Axis Position — Reference Established,"All axes homed successfully. X={val}, Y={val2}, Z={val3} mm from machine zero. Reference position confirmed.",Normal machine homing cycle complete.,Advisory — no diagnostic required,No action required. Machine ready for operation.,P010 | X-Axis Position Error [mm] | normal: -0.01–0.01 | critical: -0.5–0.5 || P011 | Y-Axis Position Error [mm] | normal: -0.01–0.01 | critical: -0.5–0.5 || P012 | Z-Axis Position Error [mm] | normal: -0.01–0.01 | critical: -0.5–0.5,,3
AXS-AD-001,8,ADVISORY,WHITE,Performance advisory only. No maintenance action required.,0,AXS,Axis Servo System,130,process_anomaly,Rapid Override Active,Rapid traverse override P083 = {val}%. Axes moving at reduced rapid speed.,Operator or program-set rapid override.,Advisory — no diagnostic required,No action required.,P083 | Feed Override [%] | normal: 0–120 | critical: 0–150,,1
TCS-CR-001,1,CRITICAL,RED,Immediate machine stop. Do not restart without authorised technician inspection.,480,TCS,Tool Change System,132,actuator_fault,ATC Arm Collision — Emergency Stop,ATC arm detected unexpected resistance during swing cycle. Emergency stop activated. Magazine position P020 = slot {val}. Clamp pressure P021 = {val2} bar. Cycle time exceeded at T+{val3}s.,"Tool not seated correctly in spindle, obstructed magazine pocket, or broken ATC arm.",Do not reset until area is clear and inspected | Check spindle bore for retained chip or damaged tool | Inspect ATC arm for physical damage | Verify magazine pocket is clear | Check pneumatic pressure to ATC cylinder,Clear obstruction. Inspect and repair ATC arm if damaged. Re-run ATC cycle in manual step mode.,P020 | Tool Magazine Position [slot] | normal: 1–30 | critical: 0–31 || P021 | Tool Clamp Pressure [bar] | normal: 55–75 | critical: 40–80 || P022 | ATC Arm Cycle Time [s] | normal: 3.5–6.0 | critical: 0–10,SPN-CR-003 | TCS-MJ-001 | HYD-MJ-001,3
TCS-MJ-001,2,MAJOR,ORANGE,Stop current operation. Machine must be inspected before resuming production.,240,TCS,Tool Change System,132,actuator_fault,Tool Clamp Pressure — Below Minimum,"Tool clamp pressure P021 = {val} bar, below minimum safe value (55 bar). Tool change aborted. Risk of tool ejection if machining continues.","Pneumatic supply pressure drop, clamp valve leakage, or draw-bar spring fatigue.",Check pneumatic supply pressure at machine entry | Inspect clamp solenoid valve for leakage | Measure draw-bar pull force with tool pull gauge | Check air service unit filter/regulator,Restore pneumatic pressure. Replace draw-bar spring if pull force <12 kN. Do not machine until clamp pressure verified.,P021 | Tool Clamp Pressure [bar] | normal: 55–75 | critical: 40–80 || P022 | ATC Arm Cycle Time [s] | normal: 3.5–6.0 | critical: 0–10,TCS-CR-001 | HYD-SR-001 | TCS-SR-001,2
TCS-MJ-002,2,MAJOR,ORANGE,Stop current operation. Machine must be inspected before resuming production.,240,TCS,Tool Change System,132,actuator_fault,Tool Length Measurement — Out of Tolerance,In-process tool length measurement via touch probe reports P023 = {val} mm offset from stored value. Tolerance ±0.05 mm. Tool slot {val2}. Risk of dimensional error on workpiece.,"Tool not fully seated, incorrect tool loaded, or tool breakage not detected by P002 load monitor.",Inspect tool in spindle for seating | Verify tool ID matches NC program expectation | Re-measure with tool presetter offline | Check probe calibration,"Re-seat tool and re-measure. If offset confirmed, update tool table and scrap/inspect last part.",P023 | Tool Length Offset Error [mm] | normal: -0.02–0.02 | critical: -2.0–2.0 || P020 | Tool Magazine Position [slot] | normal: 1–30 | critical: 0–31,SPN-MJ-003 | TCS-CR-001,2
TCS-SR-001,3,SERIOUS,YELLOW,Complete current cycle then stop. Schedule maintenance within 4 hours.,120,TCS,Tool Change System,132,actuator_fault,ATC Cycle Time — Degraded,"ATC arm cycle time P022 = {val} s, exceeds nominal {val2} s by >20%. Clamp pressure P021 = {val3} bar.","ATC cylinder seal wear, lubrication degradation, or magazine drive motor wear.",Run 5 consecutive ATC cycles and log P022 | Check ATC lubrication grease condition | Measure air cylinder actuation force | Inspect magazine drive gearbox,"Grease ATC arm pivot. If cycle time continues degrading, replace ATC cylinder seals.",P022 | ATC Arm Cycle Time [s] | normal: 3.5–6.0 | critical: 0–10 || P021 | Tool Clamp Pressure [bar] | normal: 55–75 | critical: 40–80,TCS-MJ-001 | TCS-MD-001,2
TCS-MD-001,4,MODERATE,AMBER,Log fault. Schedule maintenance within 24 hours. Reduce feed rate by 20%.,60,TCS,Tool Change System,132,tool_wear,Magazine Tool Count — Inventory Discrepancy,CNC tool table shows {val} tools; magazine sensor count = {val2}. Discrepancy of {val3} tools. Risk of calling empty pocket.,"Tool loaded without updating tool table, or tool removed manually without clearing table entry.",Run magazine inventory check program | Physically verify each occupied pocket vs. tool table | Check for manual tool removal log entries,Reconcile tool table with physical magazine. Clear empty pocket entries.,P020 | Tool Magazine Position [slot] | normal: 1–30 | critical: 0–31,TCS-SR-001 | SPN-WN-001,1
TCS-MN-001,5,MINOR,BLUE,Log fault. Monitor parameters. Schedule inspection at next planned maintenance.,30,TCS,Tool Change System,132,tool_wear,Magazine Pocket — Tool Life Expired,Tool in magazine slot {val} has exceeded 100% of programmed tool life. Tool will not be called by NC program until life counter is reset.,Normal tool life expiry.,Inspect tool before resetting counter | Confirm replacement is in magazine,Replace tool. Reset life counter.,P020 | Tool Magazine Position [slot] | normal: 1–30 | critical: 0–31,SPN-WN-001 | TCS-MD-001,1
TCS-WN-001,6,WARNING,CYAN,Log event. No immediate action required. Review at end of shift.,0,TCS,Tool Change System,132,tool_wear,Next Tool Pre-Call — Long ATC Cycle Expected,"Next tool T{val} is in magazine slot {val2}, requiring full magazine rotation of {val3} positions. ATC pre-call initiated.",Normal magazine logistics based on program sequence.,Advisory — no diagnostic required,No action required.,P020 | Tool Magazine Position [slot] | normal: 1–30 | critical: 0–31,,1
TCS-NC-001,7,NOTICE,GREEN,Informational. Parameter approaching limit. Review during next maintenance window.,0,TCS,Tool Change System,132,process_anomaly,Tool Change Complete,ATC cycle completed successfully. Tool T{val} in spindle. Cycle time P022 = {val2} s. Magazine at position {val3}.,Normal tool change event.,Advisory — no diagnostic required,No action required.,P020 | Tool Magazine Position [slot] | normal: 1–30 | critical: 0–31 || P022 | ATC Arm Cycle Time [s] | normal: 3.5–6.0 | critical: 0–10,,2
TCS-AD-001,8,ADVISORY,WHITE,Performance advisory only. No maintenance action required.,0,TCS,Tool Change System,132,process_anomaly,Magazine Position Update,Magazine indexed to reference position {val} after power-on.,Normal start-up sequence.,Advisory — no diagnostic required,No action required.,P020 | Tool Magazine Position [slot] | normal: 1–30 | critical: 0–31,,1
CLS-CR-001,1,CRITICAL,RED,Immediate machine stop. Do not restart without authorised technician inspection.,480,CLS,Coolant System,134,process_anomaly,Coolant Flow Loss — Emergency Stop,Coolant flow P030 = {val} L/min (below minimum 5 L/min). Coolant tank level P033 = {val2}%. Machine stopped to prevent tool and workpiece thermal damage.,"Coolant pump failure, blocked filter, ruptured hose, or empty tank.",Check coolant tank level physically | Inspect pump operation (audible) | Check coolant supply hose for kinking or rupture | Inspect coolant filter element differential pressure | Verify pump motor circuit breaker,Restore coolant supply. Replace pump if failed. Do not restart machining until minimum flow P030 >15 L/min confirmed.,P030 | Coolant Flow Rate [L/min] | normal: 15–40 | critical: 5–50 || P033 | Coolant Tank Level [%] | normal: 20–100 | critical: 5–100,CLS-MJ-001 | SPN-MJ-003 | CLS-SR-001,2
CLS-MJ-001,2,MAJOR,ORANGE,Stop current operation. Machine must be inspected before resuming production.,240,CLS,Coolant System,134,process_anomaly,Coolant Overtemperature,"Coolant temperature P031 = {val} °C, above major threshold (40 °C). Flow rate P030 = {val2} L/min. Thermal control of cutting zone compromised.","Chiller unit failure, high ambient temperature, excessive heat load from cutting, or inadequate coolant tank volume.",Check chiller unit operation | Verify coolant tank volume is adequate | Inspect heat exchanger for fouling | Reduce cutting parameters to lower heat generation,Restore chiller operation. Clean heat exchanger. Allow coolant to cool before resuming heavy cuts.,P031 | Coolant Temperature [°C] | normal: 15–35 | critical: 5–45 || P030 | Coolant Flow Rate [L/min] | normal: 15–40 | critical: 5–50,CLS-CR-001 | THM-MD-001,2
CLS-SR-001,3,SERIOUS,YELLOW,Complete current cycle then stop. Schedule maintenance within 4 hours.,120,CLS,Coolant System,134,process_anomaly,Coolant Pressure — Low,"Coolant pressure P032 = {val} bar, below lower advisory limit (4 bar). Flow rate P030 = {val2} L/min. Coolant-through-spindle delivery may be insufficient.","Partially blocked filter, partially closed isolation valve, or pump cavitation from low tank level.",Check filter differential pressure gauge | Verify all isolation valves open | Check tank level P033 | Listen for pump cavitation (irregular noise),Replace coolant filter. Refill tank. Re-prime pump.,P032 | Coolant Pressure [bar] | normal: 4–8 | critical: 1–12 || P030 | Coolant Flow Rate [L/min] | normal: 15–40 | critical: 5–50,CLS-MJ-001 | CLS-CR-001 | CLS-MD-001,2
CLS-MD-001,4,MODERATE,AMBER,Log fault. Schedule maintenance within 24 hours. Reduce feed rate by 20%.,60,CLS,Coolant System,134,process_anomaly,Coolant Tank Level — Low,Coolant tank level P033 = {val}%. Below recommended operating level (25%). Machine will halt at 5%.,"Coolant consumption exceeds refill rate, or evaporation/drag-out.",Check refractometer for coolant concentration | Inspect for leaks | Review coolant consumption log,Top up coolant tank. Check concentration and adjust. Investigate consumption rate if elevated.,P033 | Coolant Tank Level [%] | normal: 20–100 | critical: 5–100,CLS-CR-001 | CLS-WN-001,1
CLS-MN-001,5,MINOR,BLUE,Log fault. Monitor parameters. Schedule inspection at next planned maintenance.,30,CLS,Coolant System,134,process_anomaly,Coolant Flow — Minor Deviation,"Coolant flow P030 = {val} L/min, {val2}% below setpoint. Temperature P031 = {val3} °C. No immediate machining impact.",Minor filter restriction or nozzle partial blockage.,Inspect coolant nozzles for chip blockage | Check filter condition,Clean nozzles. Schedule filter inspection at shift end.,P030 | Coolant Flow Rate [L/min] | normal: 15–40 | critical: 5–50 || P031 | Coolant Temperature [°C] | normal: 15–35 | critical: 5–45,CLS-SR-001 | CLS-MD-001,2
CLS-WN-001,6,WARNING,CYAN,Log event. No immediate action required. Review at end of shift.,0,CLS,Coolant System,134,process_anomaly,Coolant Tank — Refill Reminder,Coolant tank level P033 = {val}%. Refill recommended within {val2} hours based on consumption rate.,Normal coolant consumption.,Advisory — no diagnostic required,Add coolant mix at correct concentration (check refractometer).,P033 | Coolant Tank Level [%] | normal: 20–100 | critical: 5–100,CLS-MD-001,1
CLS-NC-001,7,NOTICE,GREEN,Informational. Parameter approaching limit. Review during next maintenance window.,0,CLS,Coolant System,134,process_anomaly,Coolant Temperature Stabilised,Coolant temperature P031 = {val} °C. Within optimal range. Thermal equilibrium reached after {val2} minutes warm-up.,Normal start-up thermal stabilisation.,Advisory — no diagnostic required,No action required. Machine ready for production.,P031 | Coolant Temperature [°C] | normal: 15–35 | critical: 5–45,,1
CLS-AD-001,8,ADVISORY,WHITE,Performance advisory only. No maintenance action required.,0,CLS,Coolant System,134,process_anomaly,Coolant — Through-Spindle Active,Through-spindle coolant active. Flow P030 = {val} L/min at spindle nose.,NC program M-code activated through-spindle coolant.,Advisory — no diagnostic required,No action required.,P030 | Coolant Flow Rate [L/min] | normal: 15–40 | critical: 5–50,,1
LUB-CR-001,1,CRITICAL,RED,Immediate machine stop. Do not restart without authorised technician inspection.,480,LUB,Lubrication System,136,actuator_fault,Lubrication System Failure — Machine Stopped,Lubrication oil pressure P040 = {val} bar (below critical minimum 0.5 bar). Oil level P041 = {val2}%. Continued operation will cause rapid guide and ball screw wear.,"Lubrication pump failure, empty reservoir, or blocked distributor.",Check oil level in reservoir P041 physically | Listen for pump motor running | Check pump outlet pressure | Inspect progressive distributor piston movement | Check motor circuit breaker in electrical cabinet,"Restore lubrication system. Do not restart machine without verified lube pressure. After restoration, jog all axes 100mm to distribute oil before production.",P040 | Lubrication Oil Pressure [bar] | normal: 2.0–4.5 | critical: 0.5–6.0 || P041 | Lubrication Oil Level [%] | normal: 25–100 | critical: 10–100,LUB-MJ-001 | AXS-SR-002 | LUB-SR-001,2
LUB-MJ-001,2,MAJOR,ORANGE,Stop current operation. Machine must be inspected before resuming production.,240,LUB,Lubrication System,136,actuator_fault,Lubrication Pump — No Flow Confirmation,Lubrication pump current P042 = {val} A (pump running) but flow switch did not confirm delivery within {val2} s. P040 = {val3} bar.,"Blocked oil distributor, closed isolation valve, or internal pump bypass.",Check oil inlet strainer | Inspect distributor output at each lube point | Verify isolation valve position | Check for air lock in suction line,Clear blockage in distributor. Bleed air from suction. Replace pump if internal bypass confirmed.,P040 | Lubrication Oil Pressure [bar] | normal: 2.0–4.5 | critical: 0.5–6.0 || P042 | Lubrication Pump Current [A] | normal: 0.5–2.5 | critical: 0–4.0,LUB-CR-001 | LUB-SR-001,2
LUB-SR-001,3,SERIOUS,YELLOW,Complete current cycle then stop. Schedule maintenance within 4 hours.,120,LUB,Lubrication System,136,actuator_fault,Lubrication Oil Level — Low,Lubrication oil reservoir level P041 = {val}%. Below recommended level (25%). Lube interval may be affected. Machine will stop at 10%.,Normal oil consumption or minor leak.,Check for oil leaks at guide covers | Verify lube cycle interval setting | Check oil type matches specification,Top up reservoir with correct oil grade. Inspect for leaks.,P041 | Lubrication Oil Level [%] | normal: 25–100 | critical: 10–100,LUB-CR-001 | LUB-MD-001,1
LUB-MD-001,4,MODERATE,AMBER,Log fault. Schedule maintenance within 24 hours. Reduce feed rate by 20%.,60,LUB,Lubrication System,136,actuator_fault,Lubrication Pressure — Marginal,Lubrication delivery pressure P040 = {val} bar. Marginally above critical but {val2}% below nominal. Pump current P042 = {val3} A.,"Partially blocked strainer, slightly worn pump, or increased line restriction.",Clean inlet strainer | Check pump discharge pressure with calibrated gauge | Inspect distributor for sticking piston,"Clean strainer. If pump discharge confirmed low, plan pump replacement at next maintenance.",P040 | Lubrication Oil Pressure [bar] | normal: 2.0–4.5 | critical: 0.5–6.0 || P042 | Lubrication Pump Current [A] | normal: 0.5–2.5 | critical: 0–4.0,LUB-SR-001 | LUB-MJ-001,2
LUB-MN-001,5,MINOR,BLUE,Log fault. Monitor parameters. Schedule inspection at next planned maintenance.,30,LUB,Lubrication System,136,process_anomaly,Lubrication Pump Current — Elevated,"Pump current P042 = {val} A, {val2}% above baseline. Pump running but increased load detected.","Increased oil viscosity (cold start), partial line restriction.",Check oil temperature | Confirm oil grade matches viscosity specification,Allow machine to warm up. Monitor for 30 minutes.,P042 | Lubrication Pump Current [A] | normal: 0.5–2.5 | critical: 0–4.0,LUB-MD-001,1
LUB-WN-001,6,WARNING,CYAN,Log event. No immediate action required. Review at end of shift.,0,LUB,Lubrication System,136,process_anomaly,Lubrication — Scheduled Interval Due,Lubrication cycle interval counter has reached {val} hours since last full service. Lube point inspection recommended.,Normal maintenance interval.,Inspect all lube points for oil film | Check distribution block operation,Perform lubrication inspection per maintenance checklist MAINT-LUB-001.,P041 | Lubrication Oil Level [%] | normal: 25–100 | critical: 10–100,LUB-SR-001,1
LUB-NC-001,7,NOTICE,GREEN,Informational. Parameter approaching limit. Review during next maintenance window.,0,LUB,Lubrication System,136,process_anomaly,Lubrication Cycle Complete,Scheduled lubrication cycle delivered. P040 = {val} bar confirmed. Pump current P042 = {val2} A. Next cycle in {val3} min.,Normal automatic lubrication cycle.,Advisory — no diagnostic required,No action required.,P040 | Lubrication Oil Pressure [bar] | normal: 2.0–4.5 | critical: 0.5–6.0 || P042 | Lubrication Pump Current [A] | normal: 0.5–2.5 | critical: 0–4.0,,2
LUB-AD-001,8,ADVISORY,WHITE,Performance advisory only. No maintenance action required.,0,LUB,Lubrication System,136,process_anomaly,Lubrication Oil Level — Nominal,Oil level P041 = {val}%. Lubrication system operating normally.,Status advisory.,Advisory — no diagnostic required,No action required.,P041 | Lubrication Oil Level [%] | normal: 25–100 | critical: 10–100,,1
VIB-CR-001,1,CRITICAL,RED,Immediate machine stop. Do not restart without authorised technician inspection.,480,VIB,Vibration Monitoring,144,spindle_bearing_fault,Vibration — ISO Zone D — Machine Stop,"Vibration RMS exceeds ISO 10816-3 Zone D limit (11.2 mm/s). X={val}, Y={val2}, Z={val3} mm/s. Crest factor P063={val4}. Kurtosis P064={val5}. Machine stopped.","Catastrophic bearing failure, tool breakage, workpiece ejection, or structure loosening.",Do not restart until vibration source identified | Check spindle for mechanical damage | Inspect machine bed levelling | Verify workpiece is still clamped | Check foundation bolts,Identify and repair vibration source before restart. Full machine inspection required.,P060 | X-Axis Vibration RMS [mm/s] | normal: 0–4.5 | critical: 0–11.2 || P061 | Y-Axis Vibration RMS [mm/s] | normal: 0–4.5 | critical: 0–11.2 || P062 | Z-Axis Vibration RMS [mm/s] | normal: 0–4.5 | critical: 0–11.2 || P063 | Vibration Crest Factor [-] | normal: 1.0–4.5 | critical: 0–12.0 || P064 | Kurtosis Index [-] | normal: 2.5–5.0 | critical: 0–25.0,SPN-CR-001 | AXS-CR-001 | VIB-MJ-001,5
VIB-MJ-001,2,MAJOR,ORANGE,Stop current operation. Machine must be inspected before resuming production.,240,VIB,Vibration Monitoring,144,spindle_bearing_fault,Vibration — ISO Zone C — Major Alert,"Vibration RMS has entered ISO Zone C (7.1–11.2 mm/s). X={val}, Y={val2}, Z={val3} mm/s. Crest P063={val4}. Long-term operation at this level will cause bearing damage.","Advanced tool wear, bearing defect, or machine structural loosening.",Perform spectral analysis if portable analyser available | Inspect tool immediately | Check machine foundation | Review trending from last 48 hours,Reduce cutting parameters. Schedule maintenance within 4 hours.,P060 | X-Axis Vibration RMS [mm/s] | normal: 0–4.5 | critical: 0–11.2 || P061 | Y-Axis Vibration RMS [mm/s] | normal: 0–4.5 | critical: 0–11.2 || P062 | Z-Axis Vibration RMS [mm/s] | normal: 0–4.5 | critical: 0–11.2 || P063 | Vibration Crest Factor [-] | normal: 1.0–4.5 | critical: 0–12.0,VIB-CR-001 | SPN-MJ-002 | VIB-SR-001,4
VIB-SR-001,3,SERIOUS,YELLOW,Complete current cycle then stop. Schedule maintenance within 4 hours.,120,VIB,Vibration Monitoring,144,chatter_vibration,Vibration — ISO Zone B Upper — Elevated,Vibration RMS = {val} mm/s on {val2}-axis. At upper boundary of ISO Zone B (4.5–7.1 mm/s). Acceptable for limited operation but not long-term.,"Moderate tool wear, fixture loosening, or minor bearing degradation.",Inspect tool condition | Check fixture clamping | Review spindle speed vs stability lobe | Measure bearing temperature,Inspect and replace tool. Re-verify fixture. Monitor for further increase.,P060 | X-Axis Vibration RMS [mm/s] | normal: 0–4.5 | critical: 0–11.2 || P061 | Y-Axis Vibration RMS [mm/s] | normal: 0–4.5 | critical: 0–11.2 || P062 | Z-Axis Vibration RMS [mm/s] | normal: 0–4.5 | critical: 0–11.2,VIB-MJ-001 | SPN-SR-003 | AXS-SR-001,3
VIB-MD-001,4,MODERATE,AMBER,Log fault. Schedule maintenance within 24 hours. Reduce feed rate by 20%.,60,VIB,Vibration Monitoring,144,tool_wear,Crest Factor — Elevated Above Baseline,Vibration crest factor P063 = {val} on spindle sensor. Kurtosis P064 = {val2}. Both elevated vs. 30-day baseline. Pattern may indicate early bearing defect or tool imbalance.,"Incipient bearing defect, tool imbalance, or minor structural change.",Compare to historical baseline for same operation | Inspect tool holder for contamination in taper | Check tool balance if >12000 RPM operation,Log and monitor daily. Inspect tool holder taper. Plan bearing inspection at next opportunity.,P063 | Vibration Crest Factor [-] | normal: 1.0–4.5 | critical: 0–12.0 || P064 | Kurtosis Index [-] | normal: 2.5–5.0 | critical: 0–25.0,SPN-SR-003 | VIB-SR-001,2
VIB-MN-001,5,MINOR,BLUE,Log fault. Monitor parameters. Schedule inspection at next planned maintenance.,30,VIB,Vibration Monitoring,144,tool_wear,Kurtosis Index — Rising Trend,Kurtosis index P064 = {val}. Trending upward over last 14 days: +{val2}% per week. Currently in early-warning zone (5.0–8.0).,Early-stage bearing defect initiation or accumulating surface fatigue.,Enable high-frequency logging on spindle vibration | Review full spectrum for defect frequencies,Schedule detailed inspection at next planned downtime. Continue monitoring.,P064 | Kurtosis Index [-] | normal: 2.5–5.0 | critical: 0–25.0,VIB-MD-001 | SPN-SR-003,1
VIB-WN-001,6,WARNING,CYAN,Log event. No immediate action required. Review at end of shift.,0,VIB,Vibration Monitoring,144,process_anomaly,Vibration — Normal Operating Range,"All axes within ISO Zone A (<2.3 mm/s). X={val}, Y={val2}, Z={val3} mm/s. Machine operating in optimal vibration envelope.",Status notification.,Advisory — no diagnostic required,No action required.,P060 | X-Axis Vibration RMS [mm/s] | normal: 0–4.5 | critical: 0–11.2 || P061 | Y-Axis Vibration RMS [mm/s] | normal: 0–4.5 | critical: 0–11.2 || P062 | Z-Axis Vibration RMS [mm/s] | normal: 0–4.5 | critical: 0–11.2,,3
VIB-NC-001,7,NOTICE,GREEN,Informational. Parameter approaching limit. Review during next maintenance window.,0,VIB,Vibration Monitoring,144,process_anomaly,Crest Factor — Within Normal Band,Vibration crest factor P063 = {val}. Within normal operating band (1.0–4.5). No bearing defect signature detected.,Status notification.,Advisory — no diagnostic required,No action required.,P063 | Vibration Crest Factor [-] | normal: 1.0–4.5 | critical: 0–12.0,,1
VIB-AD-001,8,ADVISORY,WHITE,Performance advisory only. No maintenance action required.,0,VIB,Vibration Monitoring,144,process_anomaly,Vibration Baseline Update,"Vibration baseline recalculated from last 30-day dataset. New baseline: X={val}, Y={val2}, Z={val3} mm/s.",Automatic monthly baseline update.,Advisory — no diagnostic required,No action required.,P060 | X-Axis Vibration RMS [mm/s] | normal: 0–4.5 | critical: 0–11.2 || P061 | Y-Axis Vibration RMS [mm/s] | normal: 0–4.5 | critical: 0–11.2 || P062 | Z-Axis Vibration RMS [mm/s] | normal: 0–4.5 | critical: 0–11.2,,3
ELC-CR-001,1,CRITICAL,RED,Immediate machine stop. Do not restart without authorised technician inspection.,480,ELC,Electrical Cabinet,142,actuator_fault,DC Bus Undervoltage — All Drives Disabled,"DC bus voltage P090 = {val} V, below minimum {val2} V. All servo and spindle drives disabled. Main supply P091 = {val3} V.","Main supply phase loss, incoming fuse blown, or DC bus capacitor failure.",Check main incoming supply voltage at isolator | Measure all three phases for balance | Inspect main fuses and circuit breakers | Check DC bus capacitor bank for bulging,Restore supply. Replace fuse if blown. Capacitor replacement requires qualified electrician.,P090 | DC Bus Voltage [V] | normal: 560–620 | critical: 480–680 || P091 | Main Supply Voltage [V] | normal: 380–420 | critical: 340–440,AXS-CR-002 | SPN-CR-002 | ELC-MJ-001,2
ELC-MJ-001,2,MAJOR,ORANGE,Stop current operation. Machine must be inspected before resuming production.,240,ELC,Electrical Cabinet,142,actuator_fault,Supply Voltage — Out of Tolerance,Main supply voltage P091 = {val} V. Outside ±10% tolerance band ({val2}–{val3} V). DC bus P090 = {val4} V.,"Site power quality issue, undersized transformer, or high demand on shared bus.",Measure voltage at main incoming terminal | Check transformer tap setting | Contact facility electrical team | Log time of occurrence vs. site load profile,Notify facility maintenance. Install line conditioner if recurring.,P091 | Main Supply Voltage [V] | normal: 380–420 | critical: 340–440 || P090 | DC Bus Voltage [V] | normal: 560–620 | critical: 480–680,ELC-CR-001 | ELC-SR-001,2
ELC-SR-001,3,SERIOUS,YELLOW,Complete current cycle then stop. Schedule maintenance within 4 hours.,120,ELC,Electrical Cabinet,142,actuator_fault,Ground Leakage — Elevated,"Ground leakage current P092 = {val} mA, above advisory threshold (10 mA). Risk of nuisance RCD tripping.","Degraded motor winding insulation, cable damage, or moisture ingress.",Perform insulation resistance test on all motor cables | Inspect cable entry points for moisture | Check RCD rating vs measured leakage,Locate and repair insulation fault. Replace damaged cables.,P092 | Ground Leakage Current [mA] | normal: 0–10 | critical: 0–30,ELC-MJ-001 | ELC-MD-001,1
ELC-MD-001,4,MODERATE,AMBER,Log fault. Schedule maintenance within 24 hours. Reduce feed rate by 20%.,60,ELC,Electrical Cabinet,142,process_anomaly,UPS Battery — Low Charge,UPS battery level P093 = {val}%. Battery backup time estimated {val2} minutes. CNC memory protection duration may be insufficient for extended power outage.,"Battery aging, recent extended power interruption, or battery charger fault.",Check UPS charger LED status | Measure battery float voltage | Check battery age against replacement schedule (typically 3–5 years),"Recharge UPS. If charge does not recover to >80% within 24h, replace battery.",P093 | UPS Battery Level [%] | normal: 80–100 | critical: 20–100,ELC-CR-001 | ELC-MN-001,1
ELC-MN-001,5,MINOR,BLUE,Log fault. Monitor parameters. Schedule inspection at next planned maintenance.,30,ELC,Electrical Cabinet,142,process_anomaly,Electrical Cabinet Temperature — Elevated,Cabinet temperature P071 = {val} °C. Above minor threshold (40 °C) but below major (55 °C).,"Cabinet fan partial failure, clogged filter, or high ambient temperature.",Check cabinet fan operation | Clean filter mats | Verify cabinet door seals,Clean filters. Monitor for increase.,P071 | Electrical Cabinet Temp [°C] | normal: 20–45 | critical: 10–60,THM-MD-001 | ELC-MJ-001,1
ELC-WN-001,6,WARNING,CYAN,Log event. No immediate action required. Review at end of shift.,0,ELC,Electrical Cabinet,142,process_anomaly,DC Bus — Minor Voltage Ripple Detected,DC bus voltage P090 shows increased ripple: peak-to-peak = {val} V (limit 15 V). Mean voltage {val2} V within spec.,Aging DC bus capacitors or increased regenerative energy.,Measure capacitance of DC bus capacitors | Check for excessive regenerative braking events,Monitor. Plan capacitor inspection at next scheduled maintenance.,P090 | DC Bus Voltage [V] | normal: 560–620 | critical: 480–680,ELC-CR-001 | ELC-MD-001,1
ELC-NC-001,7,NOTICE,GREEN,Informational. Parameter approaching limit. Review during next maintenance window.,0,ELC,Electrical Cabinet,142,process_anomaly,Power-On Self-Test — Passed,"All electrical systems passed POST. DC bus P090={val}V, supply P091={val2}V. System ready.",Normal start-up sequence.,Advisory — no diagnostic required,No action required.,P090 | DC Bus Voltage [V] | normal: 560–620 | critical: 480–680 || P091 | Main Supply Voltage [V] | normal: 380–420 | critical: 340–440,,2
ELC-AD-001,8,ADVISORY,WHITE,Performance advisory only. No maintenance action required.,0,ELC,Electrical Cabinet,142,process_anomaly,UPS Battery — Fully Charged,UPS battery at {val}% capacity. Backup time: {val2} minutes.,Status advisory.,Advisory — no diagnostic required,No action required.,P093 | UPS Battery Level [%] | normal: 80–100 | critical: 20–100,,1
THM-CR-001,1,CRITICAL,RED,Immediate machine stop. Do not restart without authorised technician inspection.,480,THM,Thermal Management,146,process_anomaly,Multi-Zone Overtemperature — Emergency Stop,"Multiple thermal zones simultaneously over critical threshold. Spindle P003={val}°C, servo P017={val2}°C, cabinet P071={val3}°C, motor P072={val4}°C. Machine stopped.","Chiller failure, blocked ventilation, or ambient temperature event.",Check ambient temperature in machine area | Verify all cooling fans active | Check chiller unit | Inspect all air filters,Restore cooling. Do not restart until all zones below 70% of critical threshold.,P003 | Spindle Motor Temperature [°C] | normal: 20–75 | critical: 0–95 || P017 | Servo Drive Temperature [°C] | normal: 20–70 | critical: 0–90 || P071 | Electrical Cabinet Temp [°C] | normal: 20–45 | critical: 10–60 || P072 | Feed Drive Motor Temp [°C] | normal: 20–72 | critical: 0–90,SPN-MJ-001 | AXS-MJ-002 | ELC-MN-001 | CLS-MJ-001,4
THM-MD-001,4,MODERATE,AMBER,Log fault. Schedule maintenance within 24 hours. Reduce feed rate by 20%.,60,THM,Thermal Management,146,process_anomaly,Thermal Gradient — Elevated Ambient,Ambient temperature P070 = {val} °C. Cabinet P071 = {val2} °C. Feed motor P072 = {val3} °C. All within spec but elevated vs seasonal baseline.,HVAC system in machine area running below capacity or unusual ambient conditions.,Check room HVAC status | Verify all machine air filters clean | Review duty cycle vs. thermal model,Request HVAC inspection for machine area. Clean all filters.,P070 | Ambient Temperature [°C] | normal: 15–35 | critical: 5–45 || P071 | Electrical Cabinet Temp [°C] | normal: 20–45 | critical: 10–60 || P072 | Feed Drive Motor Temp [°C] | normal: 20–72 | critical: 0–90,THM-CR-001 | ELC-MN-001,3
THM-WN-001,6,WARNING,CYAN,Log event. No immediate action required. Review at end of shift.,0,THM,Thermal Management,146,process_anomaly,Ambient Temperature — Above Recommended Range,"Ambient temperature P070 = {val} °C, above recommended operating range (35°C). Machine can operate but thermal compensation active.",Seasonal high temperatures or HVAC reduced capacity.,Confirm HVAC is functional | Increase frequency of coolant concentration checks,Monitor thermal parameters. Consider running reduced duty cycle during peak heat hours.,P070 | Ambient Temperature [°C] | normal: 15–35 | critical: 5–45,THM-MD-001,1
THM-NC-001,7,NOTICE,GREEN,Informational. Parameter approaching limit. Review during next maintenance window.,0,THM,Thermal Management,146,process_anomaly,Thermal Compensation Active,"CNC thermal error compensation is active. Ambient P070={val}°C, spindle P003={val2}°C. Axis offsets automatically adjusted for thermal expansion.",Normal thermal compensation function.,Advisory — no diagnostic required,No action required. Monitor part quality.,P070 | Ambient Temperature [°C] | normal: 15–35 | critical: 5–45 || P003 | Spindle Motor Temperature [°C] | normal: 20–75 | critical: 0–95,,2
THM-AD-001,8,ADVISORY,WHITE,Performance advisory only. No maintenance action required.,0,THM,Thermal Management,146,process_anomaly,Feed Motor Temperature — Nominal,Feed motor temperature P072 = {val} °C. Within optimal band.,Status advisory.,Advisory — no diagnostic required,No action required.,P072 | Feed Drive Motor Temp [°C] | normal: 20–72 | critical: 0–90,,1
CNC-CR-001,1,CRITICAL,RED,Immediate machine stop. Do not restart without authorised technician inspection.,480,CNC,CNC Controller,140,actuator_fault,CNC Controller — Watchdog Timeout,CNC real-time kernel watchdog timed out. All motion halted. CPU load at time of fault: P080={val}%. Memory P081={val2}%.,"Software exception in motion planner, hardware interrupt overload, or memory corruption.",Record fault dump from CNC system log | Check for recent software updates | Verify RAM hardware via POST diagnostics | Check CPU temperature,"Reboot CNC controller. If recurring, contact CNC manufacturer support with fault dump. Do not restart machine with persistent watchdog faults.",P080 | CNC CPU Load [%] | normal: 0–75 | critical: 0–100 || P081 | CNC Memory Usage [%] | normal: 0–80 | critical: 0–100,AXS-CR-001 | ELC-CR-001,2
CNC-MJ-001,2,MAJOR,ORANGE,Stop current operation. Machine must be inspected before resuming production.,240,CNC,CNC Controller,140,actuator_fault,NC Program — Syntax Error at Block,NC program execution halted at block N{val}. P082={val}. Syntax error detected: illegal G-code combination or out-of-range parameter.,"Incorrect NC program modification, corrupted file transfer, or unsupported G-code for this CNC model.",Review NC block P082 in program editor | Check G-code reference manual for supported codes | Re-transfer program from CAM system | Run program in single-block test mode,Correct NC program. Re-verify with dry run before production restart.,P080 | CNC CPU Load [%] | normal: 0–75 | critical: 0–100 || P082 | NC Program Block Number [block] | normal: 0–99999 | critical: 0–99999,CNC-SR-001 | CNC-MD-011,2
CNC-SR-001,3,SERIOUS,YELLOW,Complete current cycle then stop. Schedule maintenance within 4 hours.,120,CNC,CNC Controller,140,actuator_fault,CNC CPU Load — High,CNC CPU load P080 = {val}% sustained over last {val2} minutes. May cause motion interpolation jitter if load exceeds 90%.,"Complex NC program with many small blocks, excessive macro execution, or background task conflict.",Check number of active background tasks | Review NC program block density | Disable unnecessary data logging during critical cuts | Check for DNC streaming vs. stored program,Optimise NC program (increase minimum arc chord tolerance). Use stored program instead of DNC stream.,P080 | CNC CPU Load [%] | normal: 0–75 | critical: 0–100,CNC-CR-001 | CNC-MD-011,1
CNC-MD-011,4,MODERATE,AMBER,Log fault. Schedule maintenance within 24 hours. Reduce feed rate by 20%.,60,CNC,CNC Controller,140,process_anomaly,CNC Memory — Program Storage Near Full,CNC program memory P081 = {val}%. Less than {val2} MB available. Large programs may not load.,Accumulated NC programs not archived.,Review program list for obsolete programs | Archive and delete old programs,Delete or archive old NC programs. Maintain minimum 20% free memory.,P081 | CNC Memory Usage [%] | normal: 0–80 | critical: 0–100 || P082 | NC Program Block Number [block] | normal: 0–99999 | critical: 0–99999,CNC-SR-001,2
CNC-MN-001,5,MINOR,BLUE,Log fault. Monitor parameters. Schedule inspection at next planned maintenance.,30,CNC,CNC Controller,140,process_anomaly,Feed Override — Non-100% Setting,Feed override P083 = {val}% (nominal 100%). Machine running at non-standard feed rate.,Operator-applied override.,Confirm override is intentional | Check if masking a vibration or quality issue,Restore to 100% if not intentional. Log reason if intentional.,P083 | Feed Override [%] | normal: 0–120 | critical: 0–150,SPN-MD-002,1
CNC-WN-001,6,WARNING,CYAN,Log event. No immediate action required. Review at end of shift.,0,CNC,CNC Controller,140,process_anomaly,Program — Approaching End of File,"NC program at block N{val}, approaching end. {val2} blocks remaining.",Normal program end approach.,Advisory — no diagnostic required,No action required.,P082 | NC Program Block Number [block] | normal: 0–99999 | critical: 0–99999,,1
CNC-NC-001,7,NOTICE,GREEN,Informational. Parameter approaching limit. Review during next maintenance window.,0,CNC,CNC Controller,140,process_anomaly,CNC System — Normal Operation,"CNC controller operating normally. CPU P080={val}%, memory P081={val2}%. All axes enabled.",Status notification.,Advisory — no diagnostic required,No action required.,P080 | CNC CPU Load [%] | normal: 0–75 | critical: 0–100 || P081 | CNC Memory Usage [%] | normal: 0–80 | critical: 0–100,,2
CNC-AD-001,8,ADVISORY,WHITE,Performance advisory only. No maintenance action required.,0,CNC,CNC Controller,140,process_anomaly,NC Block Counter,NC program execution at block N{val}. Advisory status update.,Status advisory.,Advisory — no diagnostic required,No action required.,P082 | NC Program Block Number [block] | normal: 0–99999 | critical: 0–99999,,1
HYD-MJ-001,2,MAJOR,ORANGE,Stop current operation. Machine must be inspected before resuming production.,240,HYD,Hydraulic System,138,actuator_fault,Hydraulic Pressure — Low,"Hydraulic pressure P050 = {val} bar, below minimum operating pressure ({val2} bar). Workholding and ATC clamp functions may be unreliable.","Pump wear, pressure relief valve stuck open, or internal leak in hydraulic circuit.",Check pump outlet pressure with calibrated gauge | Listen for pump bypass noise | Inspect hydraulic hoses and fittings for leaks | Check oil level in reservoir | Verify relief valve setting,Replace pump if output pressure confirmed low. Set relief valve to correct pressure. Repair leaks.,P050 | Hydraulic System Pressure [bar] | normal: 60–80 | critical: 40–100 || P051 | Hydraulic Oil Temperature [°C] | normal: 30–55 | critical: 20–70,TCS-MJ-001 | HYD-SR-001 | HYD-CR-phantom,2
HYD-SR-001,3,SERIOUS,YELLOW,Complete current cycle then stop. Schedule maintenance within 4 hours.,120,HYD,Hydraulic System,138,actuator_fault,Hydraulic Oil Overtemperature,"Hydraulic oil temperature P051 = {val} °C, above advisory limit (55 °C). Flow rate P052 = {val2} L/min. Seal degradation accelerates above 60 °C.","Oil cooler fouling, high duty cycle, or low oil level reducing heat dissipation.",Check oil cooler condition | Verify fan operation on cooler | Check oil level | Reduce duty cycle if possible,Clean oil cooler. Top up oil. Allow temperature to drop before resuming full cycle rate.,P051 | Hydraulic Oil Temperature [°C] | normal: 30–55 | critical: 20–70 || P052 | Hydraulic Pump Flow [L/min] | normal: 20–35 | critical: 5–40,HYD-MJ-001 | THM-MD-001,2
HYD-MD-001,4,MODERATE,AMBER,Log fault. Schedule maintenance within 24 hours. Reduce feed rate by 20%.,60,HYD,Hydraulic System,138,actuator_fault,Hydraulic Pressure — Minor Drift,Hydraulic pressure P050 = {val} bar. Drifted {val2} bar below nominal setpoint over last 24 hours.,Minor internal leakage or relief valve creep.,Re-check relief valve setting | Monitor for continued drift,Adjust relief valve if within range. Log and monitor.,P050 | Hydraulic System Pressure [bar] | normal: 60–80 | critical: 40–100,HYD-MJ-001,1
HYD-WN-001,6,WARNING,CYAN,Log event. No immediate action required. Review at end of shift.,0,HYD,Hydraulic System,138,process_anomaly,Hydraulic Pump — Scheduled Service Due,Hydraulic pump has accumulated {val} operating hours since last service. Service interval is {val2} hours.,Normal maintenance interval.,Advisory — no diagnostic required,Schedule hydraulic system service per MAINT-HYD-001.,P052 | Hydraulic Pump Flow [L/min] | normal: 20–35 | critical: 5–40,HYD-MD-001,1
